﻿{"name":"Custom","textClasses":{"label":{"color":"#727272","fontFace":"wf_standard-font, helvetica, arial, sans-serif","fontSize":10},"callout":{"color":"#727272","fontSize":12},"title":{"color":"#727272","fontSize":10},"header":{"color":"#727272","fontFace":"wf_standard-font, helvetica, arial, sans-serif"}},"visualStyles":{"*":{"*":{"visualHeader":[{"foreground":{"solid":{"color":"#6D6D6D"}},"transparency":0}],"background":[{"transparency":100}]}},"page":{"*":{"background":[{"transparency":0,"color":{"solid":{"color":"#FFFFFF"}}}]}}},"dataColors":["#1D67B8","#009042","#04264C","#04317A","#AED5A9","#86B3FF","#727272","#E4E4E4","#3599B8","#DFBFBF","#4AC5BB","#5F6B6D","#FB8281","#F4D25A","#7F898A","#A4DDEE","#FDAB89","#B687AC","#28738A","#A78F8F","#168980","#293537","#BB4A4A","#B59525","#475052","#6A9FB0","#BD7150","#7B4F71","#1B4D5C","#706060","#0F5C55","#1C2325"]}